week,addtocart,transaction,view
2015-04-27,296,83,13304
2015-05-04,3492,1103,129180
2015-05-11,3642,1218,144001
2015-05-18,3419,1061,148034
2015-05-25,3520,1146,137153
2015-06-01,3405,1174,141866
2015-06-08,3081,966,127805
2015-06-15,4036,1316,140624
2015-06-22,3520,1222,136946
2015-06-29,3337,1089,134807
2015-07-06,3948,1302,156595
2015-07-13,3702,1259,147282
2015-07-20,4293,1357,169787
2015-07-27,3881,1344,139112
2015-08-03,3552,1073,123934
2015-08-10,3130,912,116721
2015-08-17,3340,1154,122430
2015-08-24,3603,1134,123073
2015-08-31,2906,924,115227
2015-09-07,3536,1111,134142
2015-09-14,1693,509,62289
