week,views,txs,tx_per_1000_views
2015-04-27,13304,83,6.239
2015-05-04,129180,1103,8.538
2015-05-11,144001,1218,8.458
2015-05-18,148034,1061,7.167
2015-05-25,137153,1146,8.356
2015-06-01,141866,1174,8.275
2015-06-08,127805,966,7.558
2015-06-15,140624,1316,9.358
2015-06-22,136946,1222,8.923
2015-06-29,134807,1089,8.078
2015-07-06,156595,1302,8.314
2015-07-13,147282,1259,8.548
2015-07-20,169787,1357,7.992
2015-07-27,139112,1344,9.661
2015-08-03,123934,1073,8.658
2015-08-10,116721,912,7.814
2015-08-17,122430,1154,9.426
2015-08-24,123073,1134,9.214
2015-08-31,115227,924,8.019
2015-09-07,134142,1111,8.282
2015-09-14,62289,509,8.172
