root_categoryid,addtocart,transaction,view,n,tx_rate_smooth_pct,tx_rate_raw_pct
1224,3917,1537,80687,86141,1.779,1.784
140,21023,7563,696282,724868,1.043,1.043
859,326,98,9209,9633,1.007,1.017
1698,574,169,17039,17782,0.947,0.95
791,1232,305,34063,35600,0.856,0.857
1532,8296,2823,324378,335497,0.841,0.841
679,3007,824,95408,99239,0.83,0.83
1057,0,0,2,2,0.812,0.0
1600,9625,2742,327274,339641,0.807,0.807
659,0,0,11,11,0.797,0.0
1692,0,0,20,20,0.783,0.0
395,4837,1676,209654,216167,0.775,0.775
1482,8940,2174,271113,282227,0.77,0.77
653,4305,1399,179925,185629,0.754,0.754
803,0,0,96,96,0.684,0.0
1490,1976,506,89313,91795,0.553,0.551
378,397,146,33365,33908,0.436,0.431
755,0,0,839,839,0.304,0.0
1452,0,0,1754,1754,0.181,0.0
250,34,15,10764,10813,0.169,0.139
1579,10,4,7853,7867,0.096,0.051
1394,0,0,7704,7704,0.05,0.0
431,0,1,13282,13283,0.037,0.008
